{
    "5": {
        "topic": 5,
        "coherence": 0.5472399470706638,
        "perplexity": 154.38071199536444
    },
    "10": {
        "topic": 10,
        "coherence": 0.5988408308686612,
        "perplexity": 163.02532641952456
    },
    "15": {
        "topic": 15,
        "coherence": 0.3317684052278175,
        "perplexity": 158.10634502433203
    },
    "20": {
        "topic": 20,
        "coherence": 0.2687469102952111,
        "perplexity": 159.14331103590376
    }
}